  {
    name: "Phoenix Wright Ace Attorney",
    image: "/WebGames-master/WebGames-master/assets/phoenix-wright-ace-attorney.avif",
    link: "/wedrowemdlemtest/webretro-master/webretro-master/embed/n64test/wit.html",
  },
    {
    name: "Pokemon Games",
    image:"/image-robert-added/poke.png",
    link:"/pokemonindex.html",
  },
    {
    name: "fnaf",
    image: "assets/anan.jpeg",
    link: "games/FNAF/FNAF/index.html",
  },
    {
    name: "Tetris",
    image: "assets/tetres.png",
    link: "games2/game/tetris/index.html",
  },
    {
    name: "FNF Unstable",
    image: "assets/fnf.png",
    link: "games/FNF-Week7-Html5-Test-main/index.html",
  },
    {
    name: "Kirby's Dreamland 3 Maker",
    image: "assets/images3.jpeg",
    link: "games/Kirby's-Dreamland-3-Maker.html",
  },
    {
    name: "supersmashflash",
    image: "assets/supersmashflash.jpeg",
    link: "games/flasharchive-main/flasharchive-main/html/supersmashflash.html",
  },
    {
    name: "bit life",
    image: "assets/unnamed_480.webp",
    link: "games/ditlifytest/index.html",
  },
    {
    name: "Chrono-Trigger",
    image: "assets/Chrono-Trigger.jpeg",
    link: "/wedrowemdlemtest/webretro-master/webretro-master/embed/Chrono-Trigger.html",
  },
    {
    name: "Mario Kart 64",
    image: "assets/mareoc64.jpeg",
    link: "/wedrowemdlemtest/webretro-master/webretro-master/embed/Mario-Kart-64.html",
  },
    {
    name: "isaac rath or the lam",
    image: "assets/isik.jpeg",
    link: "stuftochanch/isaac.html",
  },
    {
    name: "Legend-of-Zelda-The--A-Link-to-the-Past",
    image: "assets/thelegindofzelda.jpg",
    link: "/wedrowemdlemtest/webretro-master/webretro-master/embed/Legend-of-Zelda-The--A-Link-to-the-Past.html",
  },
    {
    name: "earthbound",
    image: "assets/earthbound.png",
    link: "/wedrowemdlemtest/webretro-master/webretro-master/embed/EarthBound.html",
  },
    {
    name: "retro-bowl",
    image: "games2/assets/retro-bowl.jpg",
    link: "games2/game/retro-bowl/index.html",
  },
    {
    name: "new cookie-clicker",
    image: "games2/assets/cookie-clicker.png",
    link: "games2/game/cookie-clicker/index.html",
  },
    {
    name: "Drill Dozer",
    image: "assets/Drill-Dozer.jpeg",
    link: "/wedrowemdlemtest/webretro-master/webretro-master/embed/DrillDozer(USA).html",
  },
    {
    name: "SuperMarioLand2",
    image: "assets/Super-Mario-Land-2.png",
    link: "/wedrowemdlemtest/webretro-master/webretro-master/embed/SuperMarioLand2DX.html",
  },
    {
    name: "doom",
    image: "assets/doom.jpeg",
    link: "/Doom-In-Docker-master/Doom-In-Docker-master/doom/public/index.html",
  },
    {
    name: "Legend of Zelda - Time Lost",
    image: "assets/LegendofZeldaTimeLost.jpeg",
    link: "/wedrowemdlemtest/webretro-master/webretro-master/embed/n64test/index.html",
  },
    {
    name: "youshey 64",
    image: "assets/yoshey64.jpeg",
    link: "/wedrowemdlemtest/webretro-master/webretro-master/embed/n64test/youshey.html",
  },
    {
    name: "paper mario",
    image: "assets/papermoaro.jpeg",
    link: "/wedrowemdlemtest/webretro-master/webretro-master/embed/n64test/papermaro.html",
  },
    {
    name: "FZeroX",
    image: "assets/F_ZOERX.jpeg",
    link: "/wedrowemdlemtest/webretro-master/webretro-master/embed/n64test/FZeroX.html",
  },
    {
    name: "GD",
    image: "/WebGames-master/WebGames-master/games2/assets/geometry.jpg",
    link: "/WebGames-master/WebGames-master/games2/game/geometry-dash-remastered/index.html",
  },
    {
    name: "pacman",
    image: "/WebGames-master/WebGames-master/games2/assets/pacman.jpg",
    link: "/WebGames-master/WebGames-master/games2/game/pacman/index.html",
  },
    {
    name: "A Dance Of Fire And Ice",
    image: "/WebGames-master/WebGames-master/games2/game/a-dance-of-fire-and-ice/splash.png",
    link: "/WebGames-master/WebGames-master/games2/game/a-dance-of-fire-and-ice/index.html",
  },
    {
    name: "Gladi Hoppers",
    image: "/WebGames-master/WebGames-master/assets/glad.jpeg",
    link: "/WebGames-master/WebGames-master/games/Gladihoppers-gh-pages/index.html",
  },
    {
    name: "Subway Surfers",
    image: "/WebGames-master/WebGames-master/games2/assets/subway-surfer.jpg",
    link: "/WebGames-master/WebGames-master/games2/game/subway-surfers/index.html",
  },
    {
    name: "Block Blast",
    image: "/WebGames-master/WebGames-master/assets/blockblast.jpeg",
    link: "/WebGames-master/WebGames-master/games/block-blast-main/index.html",
  },
    {
    name: "Super Hot",
    image: "/WebGames-master/WebGames-master/games2/assets/super-hot.jpg",
    link: "/WebGames-master/WebGames-master/games2/game/superhot/index.html",
  },
    {
    name: "Mario Kart Flash",
    image: "/WebGames-master/WebGames-master/assets/mareokartflach.jpeg",
    link: "/WebGames-master/WebGames-master/games/flasharchive-main/flasharchive-main/html/mariokart.html",
  },
    {
    name: "Factory Balls",
    image: "/WebGames-master/WebGames-master/games2/assets/factory-balls.jpg",
    link: "/WebGames-master/WebGames-master/games2/game/factoryballsforever/index.html",
  },
    {
    name: "DuckLife4",
    image: "assets/duck-lifde-4.jpeg",
    link: "games/DuckLife4-main/DuckLife4-main/index.html",
  },
    {
    name: "Learn To Fly 2",
    image: "assets/learn-to-fly-2.jpeg",
    link: "games/Learn-To-Fly-2-main/Learn-To-Fly-2-main/index.html",
  },
    {
    name: "Cut The Rope",
    image: "assets/cut-the-rope.jpeg",
    link: "games/CutTheRope-master/CutTheRope-master/index.html",
  },
    {
    name: "Stealing The Diamond",
    image: "assets/stealing-the-dimend.jpeg",
    link: "games/henreystikman/Stealing_the_Diamond.html",
  },
    {
    name: "Slope",
    image: "assets/slope.jpeg",
    link: "games/Slope-Game-main/Slope-Game-main/index.html",
  },
    {
    name: "Worlds Hardest Game",
    image: "/WebGames-master/WebGames-master/games2/assets/worlds-hardest-game.jpg",
    link: "/WebGames-master/WebGames-master/games2/game/worlds-hardest-game/index.html",
  },
    {
    name: "Car Game",
    image: "/WebGames-master/WebGames-master/games2/game/cars-simulator/splash.png",
    link: "/WebGames-master/WebGames-master/games2/game/cars-simulator/index.html",
  },
    {
    name: "10-minutes-till-dawn",
    image: "/WebGames-master/WebGames-master/games/10-minutes-till-dawn/icon.png",
    link: "/WebGames-master/WebGames-master/games/10-minutes-till-dawn/index.html",
  },
    {
    name: "doodle-jump ",
    image: "games2/assets/doodle.jpg",
    link: "games/flasharchive-main/flasharchive-main/html/doodlejump.html",
  },
    {
    name: "moto-x3m-spooky-land",
    image: "games2/assets/moto-spooky.jpg",
    link: "games2/game/moto-x3m-spooky-land/index.html",
  },
  {
    name: "motox3m2",
    image: "games2/assets/motox3m2.jpg",
    link: "games2/game/motox3m2/index.html",
  },
    {
    name: "moto-x3m",
    image: "games2/assets/moto-x3m.jpg",
    link: "games2/game/moto-x3m/index.html",
  },
    {
    name: "jetpack-joyride",
    image: "games2/assets/jetpack-joyride.jpg",
    link: "games2/game/jetpack-joyride/index.html",
  },
    {
    name: "getaway-shootout",
    image: "games2/assets/getaway-shootout.jpg",
    link: "games2/game/getaway-shootout/index.html",
  },
    {
    name: "temple-run",
    image: "games2/assets/temple-run.png",
    link: "games2/game/temple-run/index.html",
  },
    {
    name: "nes gd",
    image: "assets/gd-nes.jpeg",
    link: "/wedrowemdlemtest/webretro-master/webretro-master/embed/gd.html",
  },
     {
    name: "Deth run 3d",
    image: "assets/Dethrun3d.jpeg",
    link: "games/3d-gam.zip_unzipped/1-main/index.html",
  },
    {
    name: "drift-hunters",
    image: "games2/assets/drifthunters.jpg",
    link: "games2/game/drift-hunters/index.html",
  },
   {
    name: "gun-mayhem",
    image: "assets/gamemntze-gun-mayhem-original-29173-img.png",
    link: "games/gun-mayhem-main/gun-mayhem-main/index.html",
  },
    {
    name: "Super Scratch Bros",
    image: "assets/Super-Scratch-Bros-Beta.jpeg",
    link: "/WebGames-master/WebGames-master/games/SuperScratchBros41.html",
  },
    {
    name: "Henry Stick Man Collectsin",
    image: "assets/Super-Scratch-Bros-Beta.jpeg",
    link: "/henry stick man.html",
  },